transaction_id,user_id,size_bracketing_detected,historical_return_rate,payment_method,order_value_inr,high_risk_pincode,is_returned
pay_100000,cust_1102,0,0.448415116469755,UPI,7060,0,0
pay_100001,cust_1435,0,0.06770705930232332,UPI,5516,1,0
pay_100002,cust_1348,0,0.06757272468830942,UPI,8839,1,0
pay_100003,cust_1270,1,0.10124956545548529,UPI,2219,0,1
pay_100004,cust_1106,0,0.10047516763407911,UPI,1574,0,0
pay_100005,cust_1071,0,0.21399393669558395,Credit_Card,10985,0,0
pay_100006,cust_1188,0,0.17610664099277548,UPI,11614,0,0
pay_100007,cust_1020,0,0.052116746263625696,Credit_Card,5657,0,0
pay_100008,cust_1102,0,0.11337726843703694,UPI,10011,0,0
pay_100009,cust_1121,0,0.10805903398979559,COD,3649,0,0
pay_100010,cust_1466,1,0.1616499261559413,COD,11144,0,1
pay_100011,cust_1214,0,0.047727544917729965,Credit_Card,11247,0,0
pay_100012,cust_1330,1,0.17694697989290076,UPI,8213,1,1
pay_100013,cust_1458,1,0.08814115730207024,UPI,5707,0,0
pay_100014,cust_1087,0,0.1410093573840712,COD,8641,0,0
pay_100015,cust_1372,0,0.10193028889139671,UPI,10152,0,0
pay_100016,cust_1099,1,0.02893057372260037,UPI,10578,0,0
pay_100017,cust_1359,0,0.01759080785412621,UPI,5436,0,0
pay_100018,cust_1151,0,0.12679103513811885,UPI,10807,0,0
pay_100019,cust_1130,0,0.04218809749961795,UPI,2575,0,0
pay_100020,cust_1149,0,0.17959414640153154,COD,5376,0,1
pay_100021,cust_1308,1,0.12107784498644993,UPI,6115,0,1
pay_100022,cust_1257,0,0.4410262394930868,Debit_Card,8765,0,0
pay_100023,cust_1343,0,0.008970187459671814,UPI,7879,0,0
pay_100024,cust_1491,0,0.38957098180012295,UPI,11616,0,0
pay_100025,cust_1413,0,0.1354074131734974,COD,10618,0,0
pay_100026,cust_1293,0,0.12360579832460031,UPI,6152,0,0
pay_100027,cust_1385,0,0.3394356052994056,COD,8292,0,0
pay_100028,cust_1191,0,0.04755131449443885,Credit_Card,11973,0,0
pay_100029,cust_1443,0,0.3015802476178047,UPI,10747,1,1
pay_100030,cust_1276,0,0.2842299694478386,COD,8956,0,1
pay_100031,cust_1160,0,0.41009698336090794,UPI,6174,0,0
pay_100032,cust_1459,1,0.18849651350201355,COD,2041,0,1
pay_100033,cust_1313,0,0.2115659184980836,UPI,3661,0,0
pay_100034,cust_1021,0,0.054260131688926835,COD,3751,0,0
pay_100035,cust_1252,1,0.04193032206256905,UPI,10744,0,0
pay_100036,cust_1235,0,0.020738678433209343,Credit_Card,6069,0,0
pay_100037,cust_1344,0,0.16403012304111442,COD,4244,0,0
pay_100038,cust_1048,0,0.22101744113030283,COD,7541,0,1
pay_100039,cust_1474,0,0.22112517319106723,COD,6175,0,0
pay_100040,cust_1058,0,0.10238269892263296,COD,3060,0,0
pay_100041,cust_1169,0,0.5414092577412,COD,2664,0,0
pay_100042,cust_1475,0,0.12030969753776631,UPI,6919,0,0
pay_100043,cust_1187,0,0.34282604875187533,UPI,4222,0,0
pay_100044,cust_1463,0,0.12418593921332184,UPI,1970,0,0
pay_100045,cust_1270,0,0.32066852041694854,UPI,11108,0,0
pay_100046,cust_1189,0,0.327469744421906,UPI,2968,1,0
pay_100047,cust_1445,0,0.06724689760636743,Credit_Card,9425,0,0
pay_100048,cust_1174,0,0.200720954654597,UPI,2308,0,1
pay_100049,cust_1445,1,0.2711362263028569,Debit_Card,9863,0,0
pay_100050,cust_1050,0,0.3003915039777464,UPI,8219,0,0
pay_100051,cust_1363,0,0.17840250942857966,UPI,6573,1,0
pay_100052,cust_1054,0,0.20409020756676532,Credit_Card,9512,0,0
pay_100053,cust_1243,0,0.017185763505272778,COD,3145,0,0
pay_100054,cust_1319,0,0.02942414672755757,COD,9749,0,0
pay_100055,cust_1130,1,0.08751205161213334,Debit_Card,2629,0,0
pay_100056,cust_1484,1,0.1947362732989265,UPI,2853,0,1
pay_100057,cust_1306,0,0.052846854107947754,Credit_Card,2267,0,0
pay_100058,cust_1134,1,0.19927872245401862,UPI,5395,0,1
pay_100059,cust_1020,0,0.37774061186211844,UPI,10374,0,0
pay_100060,cust_1328,0,0.2553567236754056,Credit_Card,4954,0,0
pay_100061,cust_1166,0,0.01565793525691946,UPI,11700,0,0
pay_100062,cust_1273,1,0.5016354372683218,UPI,8829,0,1
pay_100063,cust_1387,0,0.11216729481336342,COD,3290,0,1
pay_100064,cust_1088,0,0.19495898954092428,COD,11169,0,0
pay_100065,cust_1315,0,0.11297749059499992,UPI,2385,0,1
pay_100066,cust_1013,0,0.272655846756816,UPI,9234,0,0
pay_100067,cust_1241,0,0.2296886698749061,UPI,5406,0,0
pay_100068,cust_1264,0,0.06431430044217445,UPI,5992,1,1
pay_100069,cust_1345,0,0.05159135560991168,COD,11230,0,0
pay_100070,cust_1052,0,0.25871036215425114,UPI,3573,0,0
pay_100071,cust_1385,0,0.11629614615720357,COD,1812,0,0
pay_100072,cust_1339,0,0.28759369811729013,UPI,7769,0,0
pay_100073,cust_1091,0,0.11825836936593001,COD,6817,0,1
pay_100074,cust_1366,0,0.2203974463575202,UPI,2310,0,0
pay_100075,cust_1443,1,0.43744805322974606,COD,11927,0,1
pay_100076,cust_1454,0,0.48016429527280446,UPI,8341,0,0
pay_100077,cust_1427,0,0.07314658298496984,Debit_Card,3532,0,0
pay_100078,cust_1263,0,0.1426112531353047,UPI,11199,1,0
pay_100079,cust_1430,0,0.393420010746527,UPI,11586,0,0
pay_100080,cust_1034,0,0.16732841764851092,COD,8629,0,0
pay_100081,cust_1205,0,0.2933708424800596,COD,4205,0,0
pay_100082,cust_1080,0,0.22526842598774763,COD,10288,0,1
pay_100083,cust_1419,0,0.002393733009352013,Debit_Card,3647,0,0
pay_100084,cust_1049,0,0.3657388117887611,COD,2115,0,0
pay_100085,cust_1359,0,0.3420201083814873,UPI,2447,0,0
pay_100086,cust_1387,0,0.02582655725885361,UPI,7177,0,0
pay_100087,cust_1001,0,0.0032973007936921476,UPI,6151,0,0
pay_100088,cust_1389,0,0.3241946293653714,Debit_Card,9366,0,1
pay_100089,cust_1053,0,0.13017049981376994,UPI,3513,0,0
pay_100090,cust_1105,0,0.015603780447549639,UPI,5197,0,0
pay_100091,cust_1259,0,0.1122830280814823,Credit_Card,1990,0,0
pay_100092,cust_1309,0,0.5034535315886018,COD,5850,0,1
pay_100093,cust_1476,0,0.11669093966366231,UPI,3928,0,0
pay_100094,cust_1190,0,0.1886604126365005,UPI,6487,0,0
pay_100095,cust_1401,1,0.05292821785612663,UPI,10233,0,0
pay_100096,cust_1217,1,0.08456375716419332,UPI,10979,0,0
pay_100097,cust_1043,0,0.37568370203493706,UPI,11325,0,0
pay_100098,cust_1161,0,0.06145923139622603,Debit_Card,6420,0,0
pay_100099,cust_1201,0,0.20225405132260144,Debit_Card,4426,0,0
pay_100100,cust_1445,0,0.2817408840156487,Debit_Card,11044,0,0
pay_100101,cust_1483,0,0.10423147426386592,UPI,8782,0,0
pay_100102,cust_1269,0,0.1725946536184197,COD,5876,0,0
pay_100103,cust_1350,0,0.09291254785856395,UPI,10990,0,1
pay_100104,cust_1303,0,0.33162432888058163,Credit_Card,6368,0,0
pay_100105,cust_1270,0,0.06604736376177314,COD,8486,0,0
pay_100106,cust_1455,0,0.25502683786699704,UPI,8362,1,0
pay_100107,cust_1461,0,0.07026815063802132,UPI,5923,0,0
pay_100108,cust_1214,0,0.11367688517004204,COD,11950,0,0
pay_100109,cust_1251,0,0.20538676037219453,UPI,8370,0,0
pay_100110,cust_1189,0,0.12768092001630765,Debit_Card,9659,0,0
pay_100111,cust_1295,0,0.06940176364198726,UPI,3573,0,0
pay_100112,cust_1212,1,0.3429309559714191,Debit_Card,7670,0,1
pay_100113,cust_1207,0,0.21194398797412822,UPI,2201,0,0
pay_100114,cust_1236,0,0.0016522766765457396,UPI,11611,0,0
pay_100115,cust_1337,0,0.06877478082459902,Debit_Card,9613,0,0
pay_100116,cust_1366,0,0.02454198714065363,UPI,8325,0,0
pay_100117,cust_1052,0,0.10521066467310142,UPI,9367,0,0
pay_100118,cust_1279,0,0.19852682457842885,UPI,5764,0,0
pay_100119,cust_1409,0,0.07078258533246244,UPI,9468,0,0
pay_100120,cust_1216,0,0.0015429958140380435,UPI,9646,0,0
pay_100121,cust_1251,0,0.012113034716226276,UPI,9276,0,0
pay_100122,cust_1187,0,0.15589779107324997,COD,10058,0,0
pay_100123,cust_1379,0,0.13969452353521022,UPI,10219,0,0
pay_100124,cust_1492,0,0.11319833909163406,Credit_Card,6386,0,0
pay_100125,cust_1040,0,0.2231928142027451,UPI,5435,0,0
pay_100126,cust_1156,1,0.0182713873867174,UPI,6119,0,0
pay_100127,cust_1014,0,0.24675336275274773,COD,6691,0,1
pay_100128,cust_1300,0,0.21820925008549855,UPI,11845,0,0
pay_100129,cust_1064,0,0.1178486078978897,COD,8375,0,0
pay_100130,cust_1344,0,0.03885022748754868,UPI,11600,0,0
pay_100131,cust_1326,0,0.09366785274829474,COD,9356,0,0
pay_100132,cust_1008,0,0.04447638296482434,Credit_Card,6901,0,0
pay_100133,cust_1343,0,0.19084848096537985,COD,4522,0,0
pay_100134,cust_1128,0,0.11254971025158443,Credit_Card,7238,0,0
pay_100135,cust_1491,0,0.10119865571217783,Credit_Card,7484,0,0
pay_100136,cust_1135,0,0.05147118368152313,UPI,3270,0,0
pay_100137,cust_1471,0,0.03963571481565455,UPI,11469,0,0
pay_100138,cust_1062,0,0.04612895145069802,COD,10489,0,1
pay_100139,cust_1138,0,0.1875956003432159,UPI,4715,0,0
pay_100140,cust_1498,0,0.22222473121701444,UPI,8194,0,0
pay_100141,cust_1080,0,0.07688849585178892,COD,4476,0,0
pay_100142,cust_1391,1,0.12563056922876006,UPI,5237,0,0
pay_100143,cust_1162,0,0.20275490742100408,COD,11403,0,0
pay_100144,cust_1418,0,0.011766239491944216,COD,2252,0,0
pay_100145,cust_1288,0,0.05249540139717006,Credit_Card,2892,0,0
pay_100146,cust_1378,0,0.07017907160896766,COD,8289,0,1
pay_100147,cust_1260,0,0.14164513290511377,UPI,2177,0,1
pay_100148,cust_1489,0,0.3381772761772078,UPI,1605,0,0
pay_100149,cust_1230,0,0.2968738620640004,Credit_Card,6253,0,0
pay_100150,cust_1040,0,0.007869939358029415,UPI,3446,0,0
pay_100151,cust_1027,0,0.3423263645153491,COD,7044,0,0
pay_100152,cust_1134,1,0.10009284658627456,COD,2595,0,1
pay_100153,cust_1200,0,0.33075467728753466,Credit_Card,8485,0,0
pay_100154,cust_1327,0,0.09410605921443863,UPI,3282,0,0
pay_100155,cust_1267,0,0.23060251255957687,COD,6041,0,1
pay_100156,cust_1417,1,0.05974039804474587,Credit_Card,4757,0,0
pay_100157,cust_1032,0,0.20826054862504853,Credit_Card,7713,0,0
pay_100158,cust_1047,0,0.1304888818492169,UPI,11689,0,0
pay_100159,cust_1406,1,0.012499750201518254,COD,6369,0,0
pay_100160,cust_1061,1,0.05901023323182077,Credit_Card,3061,0,1
pay_100161,cust_1215,0,0.045947245578036894,COD,5506,0,1
pay_100162,cust_1292,0,0.0911558992069447,COD,11367,0,0
pay_100163,cust_1098,0,0.00761191168819933,UPI,10814,0,0
pay_100164,cust_1171,0,0.011014036181310421,Credit_Card,5481,0,0
pay_100165,cust_1359,1,0.0638543007431604,COD,10993,0,1
pay_100166,cust_1213,0,0.27925821477142204,UPI,7182,0,0
pay_100167,cust_1474,0,0.055115081611317264,COD,7282,0,1
pay_100168,cust_1034,0,0.41739962295373007,COD,2443,0,0
pay_100169,cust_1448,0,0.006035455281599651,Debit_Card,6050,0,0
pay_100170,cust_1226,0,0.19225461883768125,COD,10637,0,1
pay_100171,cust_1100,0,0.015062463020402317,COD,2100,0,1
pay_100172,cust_1430,0,0.20358678229828955,COD,7876,0,1
pay_100173,cust_1461,0,0.11675383459711493,UPI,11109,0,0
pay_100174,cust_1130,0,0.14422076678622922,UPI,3024,0,0
pay_100175,cust_1256,0,0.19687743888850112,Credit_Card,5266,0,0
pay_100176,cust_1004,0,0.03875293516237976,Debit_Card,1750,1,0
pay_100177,cust_1217,0,0.19023928387951694,Credit_Card,11236,0,0
pay_100178,cust_1254,0,0.07856927721541475,COD,1578,0,0
pay_100179,cust_1397,0,0.04060817067755501,UPI,4623,1,1
pay_100180,cust_1358,0,0.22594123618792725,Debit_Card,10589,0,0
pay_100181,cust_1282,0,0.151492648471515,UPI,8564,0,0
pay_100182,cust_1392,0,0.2411917305034268,COD,9917,0,0
pay_100183,cust_1206,0,0.3935307009823461,Credit_Card,2709,0,0
pay_100184,cust_1014,0,0.18055448664540102,UPI,6653,0,0
pay_100185,cust_1345,0,0.45680138248279095,UPI,6398,0,1
pay_100186,cust_1041,1,0.16550453417042418,COD,3678,0,1
pay_100187,cust_1379,0,0.2884731854975281,Credit_Card,9110,0,1
pay_100188,cust_1460,0,0.2195477764600395,UPI,10395,0,0
pay_100189,cust_1178,0,0.23462002270968743,COD,4044,0,1
pay_100190,cust_1062,0,0.27898204921505687,COD,7022,0,0
pay_100191,cust_1351,0,0.15661262776219564,COD,3870,0,1
pay_100192,cust_1230,0,0.14817429378592392,Credit_Card,4781,0,0
pay_100193,cust_1240,0,0.029020269204758076,Credit_Card,6210,0,0
pay_100194,cust_1051,0,0.13500613317330643,COD,1828,0,1
pay_100195,cust_1095,0,0.3345227739950018,Credit_Card,7079,0,0
pay_100196,cust_1387,1,0.07462885993027503,COD,5728,0,1
pay_100197,cust_1221,0,0.15412838616366925,UPI,8294,0,0
pay_100198,cust_1484,1,0.26844623438352094,Credit_Card,1620,1,0
pay_100199,cust_1406,0,0.04754471829033294,UPI,8249,0,0
pay_100200,cust_1230,0,0.05264586364667056,UPI,2464,0,0
pay_100201,cust_1236,1,0.42401355519333556,UPI,5724,0,1
pay_100202,cust_1142,0,0.006780911634623029,UPI,5175,1,0
pay_100203,cust_1170,0,0.1417578718435974,COD,7194,0,1
pay_100204,cust_1028,0,0.04593378978958437,UPI,3576,0,0
pay_100205,cust_1035,0,0.2787062160419195,Debit_Card,8365,0,0
pay_100206,cust_1012,0,0.10984929204200304,COD,7143,1,1
pay_100207,cust_1159,0,0.13128411202222684,Credit_Card,10024,0,0
pay_100208,cust_1326,0,0.10809498503964451,UPI,6749,0,0
pay_100209,cust_1186,0,0.24263566097180655,COD,2816,1,1
pay_100210,cust_1242,0,0.05775932125144366,Debit_Card,2696,0,0
pay_100211,cust_1085,0,0.169685287056835,COD,4670,0,0
pay_100212,cust_1283,0,0.3629402631119069,COD,11121,0,1
pay_100213,cust_1065,0,0.29104730567796355,COD,1855,0,0
pay_100214,cust_1169,0,0.0025574838482991915,Credit_Card,11218,0,0
pay_100215,cust_1044,0,0.1529329434938779,UPI,1528,1,0
pay_100216,cust_1061,1,0.17164644327526465,Debit_Card,2513,0,1
pay_100217,cust_1440,0,0.29199209813607513,UPI,10519,0,0
pay_100218,cust_1133,0,0.2443614842591676,COD,3524,1,1
pay_100219,cust_1283,0,0.012613486436572159,UPI,9990,0,0
pay_100220,cust_1027,0,0.20454015243501378,UPI,7339,0,0
pay_100221,cust_1107,0,0.3729897930679723,COD,11557,0,1
pay_100222,cust_1043,0,0.161473952539993,Credit_Card,7291,0,0
pay_100223,cust_1339,0,0.018381661833962455,UPI,11803,0,0
pay_100224,cust_1285,0,0.25421575750594183,Credit_Card,2254,0,0
pay_100225,cust_1445,0,0.2943361539038964,COD,10461,0,1
pay_100226,cust_1330,1,0.3084788023157989,UPI,5235,0,1
pay_100227,cust_1127,0,0.17049794588660666,COD,2738,0,1
pay_100228,cust_1347,0,0.25251761763107017,UPI,11905,1,1
pay_100229,cust_1472,1,0.086125925352093,COD,3406,0,1
pay_100230,cust_1230,0,0.1238274525905722,COD,8899,0,0
pay_100231,cust_1189,0,0.2579955449970509,UPI,9461,0,0
pay_100232,cust_1224,1,0.14119473083036121,Credit_Card,11256,0,1
pay_100233,cust_1384,0,0.0720634766385974,UPI,10910,0,0
pay_100234,cust_1376,0,0.10134713811536579,COD,6101,0,0
pay_100235,cust_1282,0,0.45828132967650537,Credit_Card,11049,1,1
pay_100236,cust_1445,0,0.3904148263830973,Debit_Card,2960,1,0
pay_100237,cust_1120,0,0.051887395398534576,UPI,9169,0,0
pay_100238,cust_1115,0,0.05016816485434107,UPI,2916,0,0
pay_100239,cust_1460,1,0.01516631271284014,UPI,9266,0,0
pay_100240,cust_1232,0,0.1693010173339697,UPI,2928,0,0
pay_100241,cust_1258,0,0.45794172578553516,Credit_Card,5878,0,0
pay_100242,cust_1358,0,0.02759154178831655,COD,9029,0,0
pay_100243,cust_1197,0,0.1327295391442119,Debit_Card,5974,0,0
pay_100244,cust_1455,0,0.40016920407488604,Credit_Card,4571,0,0
pay_100245,cust_1410,0,0.1235645328399547,COD,2055,0,0
pay_100246,cust_1136,0,0.5844152894702098,COD,10047,0,1
pay_100247,cust_1317,0,0.11867293143751494,COD,3063,0,1
pay_100248,cust_1164,1,0.3240851680821551,Credit_Card,2540,1,0
pay_100249,cust_1224,0,0.16866329730633298,UPI,4186,0,0
pay_100250,cust_1306,0,0.03394258039834398,UPI,4053,0,0
pay_100251,cust_1233,0,0.16884836535200484,COD,3279,0,0
pay_100252,cust_1171,0,0.2563784591633407,UPI,1575,0,1
pay_100253,cust_1151,0,0.014056569264027477,UPI,5826,0,0
pay_100254,cust_1462,0,0.2083963797840447,Credit_Card,7335,0,1
pay_100255,cust_1314,0,0.14939222761897952,Credit_Card,6557,0,0
pay_100256,cust_1373,0,0.1651830942542738,Debit_Card,3849,1,0
pay_100257,cust_1159,0,0.32682657564328244,UPI,4273,0,1
pay_100258,cust_1095,0,0.003626248899280224,UPI,3762,0,0
pay_100259,cust_1471,0,0.025855790329457867,Debit_Card,4729,0,0
pay_100260,cust_1232,0,0.034310246262967296,COD,11808,0,0
pay_100261,cust_1179,0,0.058462506586672,COD,1892,0,0
pay_100262,cust_1112,0,0.1279597879488045,COD,2608,0,0
pay_100263,cust_1317,0,0.27748471050892554,COD,5862,0,1
pay_100264,cust_1496,0,0.1808223599773753,Credit_Card,6688,0,0
pay_100265,cust_1441,0,0.49881413010426584,UPI,10302,0,0
pay_100266,cust_1051,1,0.12247914183496077,Debit_Card,6557,1,0
pay_100267,cust_1267,0,0.3007416721187964,Debit_Card,5498,0,0
pay_100268,cust_1294,0,0.06107349629124143,Debit_Card,10364,0,0
pay_100269,cust_1385,0,0.43415365772814224,Credit_Card,8066,0,0
pay_100270,cust_1386,1,0.21464490484606874,Credit_Card,5177,0,1
pay_100271,cust_1112,0,0.08738909982899702,UPI,7296,0,0
pay_100272,cust_1100,0,0.25583109945720844,Credit_Card,7863,0,1
pay_100273,cust_1112,0,0.0431301276684328,UPI,9623,0,0
pay_100274,cust_1439,0,0.15098516133789017,COD,9722,0,0
pay_100275,cust_1080,0,0.13662578686395624,UPI,9190,0,0
pay_100276,cust_1186,1,0.005576136752049448,UPI,2900,0,0
pay_100277,cust_1112,1,0.09043081723173708,Credit_Card,5571,0,0
pay_100278,cust_1001,0,0.030374071863174132,Debit_Card,10308,0,0
pay_100279,cust_1129,0,0.06752716149562461,Credit_Card,4286,0,0
pay_100280,cust_1219,1,0.3746240451194624,UPI,8669,0,1
pay_100281,cust_1053,0,0.6109364089209383,Credit_Card,2370,0,0
pay_100282,cust_1342,0,0.26738840719948426,UPI,5696,0,0
pay_100283,cust_1484,0,0.08264244700577378,COD,11104,0,0
pay_100284,cust_1223,0,0.09994110555088886,COD,4239,0,0
pay_100285,cust_1224,0,0.10965144380762061,Credit_Card,2440,0,0
pay_100286,cust_1384,0,0.21177781782713184,UPI,1840,0,0
pay_100287,cust_1402,1,0.1678880137812171,COD,8922,1,1
pay_100288,cust_1125,1,0.20156003269525033,UPI,5633,0,0
pay_100289,cust_1129,0,0.48872328642203183,Credit_Card,2159,0,0
pay_100290,cust_1052,0,0.12330460383222074,UPI,11725,0,0
pay_100291,cust_1171,1,0.0984903957065714,COD,11252,0,1
pay_100292,cust_1217,0,0.06795822619701763,UPI,4957,1,0
pay_100293,cust_1159,0,0.31328481975893635,Credit_Card,11348,1,1
pay_100294,cust_1197,1,0.014335821564811708,COD,4475,0,1
pay_100295,cust_1415,1,0.03803951187787829,Credit_Card,10741,0,0
pay_100296,cust_1246,0,0.2971823116997791,UPI,1953,0,1
pay_100297,cust_1323,0,0.11811741940045084,COD,11396,0,0
pay_100298,cust_1438,0,0.13773927312937748,Credit_Card,9684,0,0
pay_100299,cust_1202,0,0.05157147533878289,Debit_Card,6942,0,0
pay_100300,cust_1183,0,0.17967811194416056,UPI,2318,1,0
pay_100301,cust_1122,0,0.09998979981846272,Credit_Card,6368,0,0
pay_100302,cust_1400,0,0.17650427698979484,Credit_Card,1512,0,0
pay_100303,cust_1254,0,0.028360497203572036,UPI,9227,1,1
pay_100304,cust_1293,0,0.014987027702968234,UPI,2420,1,0
pay_100305,cust_1279,0,0.04822210146118082,COD,6420,0,0
pay_100306,cust_1324,1,0.0037743360374030573,UPI,3918,0,0
pay_100307,cust_1371,0,0.14186748029033003,UPI,11006,0,0
pay_100308,cust_1097,0,0.04545188155891833,Credit_Card,7975,0,0
pay_100309,cust_1197,0,0.3531521819898373,COD,3517,1,0
pay_100310,cust_1469,0,0.0026587451965789394,UPI,9457,1,0
pay_100311,cust_1394,0,0.2386968538619359,Credit_Card,10920,0,0
pay_100312,cust_1239,0,0.16506438143868693,UPI,6292,0,0
pay_100313,cust_1143,0,0.19307806709108524,UPI,8330,0,0
pay_100314,cust_1096,0,0.2350073110340012,UPI,3934,1,1
pay_100315,cust_1200,0,0.3690163884645017,COD,4368,0,1
pay_100316,cust_1123,0,0.015484065597308699,UPI,2938,0,0
pay_100317,cust_1186,1,0.10916025023354241,UPI,5043,0,1
pay_100318,cust_1325,0,0.31572208214359865,Credit_Card,3281,0,0
pay_100319,cust_1463,0,0.015614863642425295,COD,7843,0,0
pay_100320,cust_1348,0,0.012922970696446025,UPI,3763,0,0
pay_100321,cust_1258,0,0.26945587801912496,Credit_Card,11661,1,1
pay_100322,cust_1147,0,0.09614829159575015,UPI,1711,1,1
pay_100323,cust_1251,0,0.03734208139967926,Credit_Card,10199,0,0
pay_100324,cust_1442,1,0.13137684449771908,Credit_Card,7659,0,1
pay_100325,cust_1419,0,0.15801075523427224,Credit_Card,8527,0,0
pay_100326,cust_1402,0,0.468244243246649,UPI,1831,0,0
pay_100327,cust_1345,0,0.12668030034361502,UPI,8360,0,0
pay_100328,cust_1450,1,0.114124369307987,UPI,9544,1,1
pay_100329,cust_1146,0,0.20587190977950573,UPI,9669,0,0
pay_100330,cust_1147,0,0.05163553590123722,UPI,10242,0,0
pay_100331,cust_1351,0,0.24965044504932368,COD,7220,1,1
pay_100332,cust_1198,0,0.018247067889023715,COD,10633,1,0
pay_100333,cust_1307,0,0.1554022508074676,COD,2227,0,0
pay_100334,cust_1488,1,0.17735328717411827,COD,6475,0,1
pay_100335,cust_1416,0,0.2864128651302041,Debit_Card,4743,0,1
pay_100336,cust_1423,0,0.20708706159763443,COD,2148,0,0
pay_100337,cust_1127,0,0.37503260204631267,UPI,6595,0,0
pay_100338,cust_1038,0,0.055890042164295634,Debit_Card,8114,0,0
pay_100339,cust_1337,0,0.2031207987674205,Credit_Card,8635,1,0
pay_100340,cust_1359,0,0.14424591044968418,Credit_Card,2509,0,0
pay_100341,cust_1128,0,0.09473981971719152,COD,3050,0,0
pay_100342,cust_1266,0,0.08792458453992301,UPI,10495,0,1
pay_100343,cust_1475,0,0.0007420899136390989,UPI,8992,0,0
pay_100344,cust_1440,0,0.5205363555977661,COD,4901,0,0
pay_100345,cust_1472,0,0.5237781359922716,UPI,8947,0,0
pay_100346,cust_1433,0,0.17165027546288575,Credit_Card,6924,0,0
pay_100347,cust_1150,0,0.008734790653578708,COD,5741,0,0
pay_100348,cust_1414,0,0.11409610625481484,Debit_Card,4661,0,0
pay_100349,cust_1477,1,0.09459910485788663,Credit_Card,5655,0,1
pay_100350,cust_1297,1,0.39587168354642976,UPI,8978,0,1
pay_100351,cust_1098,0,0.30904440218045465,UPI,10219,0,0
pay_100352,cust_1262,0,0.0994424502755312,COD,10715,0,0
pay_100353,cust_1251,0,0.03312151289960728,Credit_Card,8117,0,0
pay_100354,cust_1143,0,0.01596317287178478,Credit_Card,7160,1,0
pay_100355,cust_1345,0,0.15355316281699136,UPI,10124,1,1
pay_100356,cust_1111,0,0.3528818895707327,UPI,2676,0,0
pay_100357,cust_1499,0,0.42291824460548855,COD,9456,0,0
pay_100358,cust_1059,0,0.050307355850843664,UPI,10092,0,0
pay_100359,cust_1368,0,0.12988170650040592,Debit_Card,11796,0,0
pay_100360,cust_1001,0,0.048229978950694856,UPI,3733,0,0
pay_100361,cust_1384,0,0.09379684724042739,Debit_Card,6200,1,0
pay_100362,cust_1303,0,0.008549191348344965,COD,7406,1,1
pay_100363,cust_1253,0,0.23928811040827117,Credit_Card,9360,0,0
pay_100364,cust_1139,0,0.22407722355436901,UPI,9026,0,0
pay_100365,cust_1452,0,0.15008222516279668,Credit_Card,7059,0,0
pay_100366,cust_1036,0,0.0034639912593553866,COD,8232,0,1
pay_100367,cust_1159,0,0.5177974037353186,Credit_Card,4013,0,0
pay_100368,cust_1008,0,0.0002583929043551203,COD,9330,0,0
pay_100369,cust_1232,0,0.142253794310485,Debit_Card,11465,0,0
pay_100370,cust_1098,0,0.07469189407645287,COD,8444,0,0
pay_100371,cust_1146,0,0.020552261628764643,Debit_Card,9410,0,0
pay_100372,cust_1303,1,0.30417454749962725,UPI,7149,0,1
pay_100373,cust_1207,0,0.009955185007802406,UPI,2596,0,0
pay_100374,cust_1130,0,0.08696561351014216,UPI,10620,0,0
pay_100375,cust_1403,0,0.03853763094915139,COD,3451,0,1
pay_100376,cust_1151,0,0.23367839405344795,COD,11665,0,0
pay_100377,cust_1053,0,0.41119062837609144,Debit_Card,11246,0,1
pay_100378,cust_1119,1,0.032452886502078476,UPI,10686,0,1
pay_100379,cust_1160,0,0.37707830406549425,UPI,9299,0,0
pay_100380,cust_1407,0,0.41719939870670997,COD,10304,0,1
pay_100381,cust_1115,0,0.055980339289506666,Credit_Card,2095,1,0
pay_100382,cust_1074,0,0.1481230133139746,UPI,9375,0,0
pay_100383,cust_1112,0,0.16120480545242624,Debit_Card,10533,0,0
pay_100384,cust_1455,0,0.24140466081052156,UPI,5939,0,0
pay_100385,cust_1419,0,0.18212809067936034,UPI,7472,0,0
pay_100386,cust_1421,1,0.11611014927368768,Credit_Card,2358,0,0
pay_100387,cust_1103,0,0.00891079839961053,UPI,7019,1,0
pay_100388,cust_1339,0,0.3696865518435989,COD,8885,0,0
pay_100389,cust_1253,0,0.3879973197645346,UPI,10136,0,0
pay_100390,cust_1226,0,0.09581925542624362,UPI,11480,1,0
pay_100391,cust_1111,0,0.014871507180564583,UPI,5817,0,0
pay_100392,cust_1472,0,0.24852361779656512,COD,4954,0,0
pay_100393,cust_1098,0,0.3784831227544066,Credit_Card,2530,0,0
pay_100394,cust_1152,0,0.1905541789754119,Credit_Card,10987,0,1
pay_100395,cust_1348,0,0.18353796108354428,UPI,9406,0,0
pay_100396,cust_1401,0,0.14082470917783307,UPI,11755,0,0
pay_100397,cust_1383,0,0.15178116629617103,Credit_Card,2947,0,0
pay_100398,cust_1365,1,0.0010168029428837741,COD,11737,0,1
pay_100399,cust_1337,0,0.2972887883265921,COD,4350,0,0
pay_100400,cust_1193,0,0.13789411174574176,UPI,11760,0,0
pay_100401,cust_1309,1,0.23110546164210843,Credit_Card,9606,0,0
pay_100402,cust_1162,0,0.17820362877951754,COD,11967,0,0
pay_100403,cust_1207,1,0.03777122896806175,UPI,8651,0,1
pay_100404,cust_1444,0,0.7106997547122808,COD,11500,1,1
pay_100405,cust_1168,0,0.38118310457751003,UPI,11003,0,0
pay_100406,cust_1483,0,0.5574848863095468,COD,8452,0,1
pay_100407,cust_1160,0,0.10002139609320133,COD,5555,0,0
pay_100408,cust_1067,0,0.19171261660128883,COD,6902,0,0
pay_100409,cust_1288,0,0.24496975051385883,Debit_Card,10781,0,0
pay_100410,cust_1397,0,0.029838501879117612,UPI,3172,0,0
pay_100411,cust_1276,0,0.04626769039552161,COD,6032,0,0
pay_100412,cust_1303,0,0.4130931388320118,UPI,6424,0,1
pay_100413,cust_1403,1,0.08786557325136791,UPI,11695,0,1
pay_100414,cust_1383,0,0.02493133078511686,COD,7585,0,0
pay_100415,cust_1391,0,0.21038392348825014,COD,9234,0,0
pay_100416,cust_1134,0,0.1518365088298182,COD,6364,0,0
pay_100417,cust_1194,0,0.20009969212378476,UPI,10816,0,0
pay_100418,cust_1400,1,0.07697513291157095,COD,2721,0,0
pay_100419,cust_1127,0,0.015014687454030019,COD,4360,0,0
pay_100420,cust_1032,0,0.2071602349498319,UPI,11965,0,1
pay_100421,cust_1175,0,0.05251520649786129,UPI,9928,0,0
pay_100422,cust_1459,0,0.02483075047869912,UPI,10836,0,0
pay_100423,cust_1442,0,0.17971890434439597,UPI,4753,0,0
pay_100424,cust_1370,0,0.06674828818088223,COD,5282,0,1
pay_100425,cust_1469,0,1.8403103081810475e-06,Debit_Card,8457,0,0
pay_100426,cust_1374,0,0.7774747876912872,COD,2266,0,0
pay_100427,cust_1021,0,0.1155324223875747,COD,4181,0,1
pay_100428,cust_1237,1,0.2881642202308524,UPI,9210,0,1
pay_100429,cust_1157,1,0.031451176334211906,COD,8982,1,1
pay_100430,cust_1037,0,0.07605046214076616,Credit_Card,6586,0,0
pay_100431,cust_1229,0,0.05476125470220136,COD,9464,0,0
pay_100432,cust_1364,0,0.0713375453089816,UPI,4165,1,0
pay_100433,cust_1050,0,0.1606979637255551,COD,11451,0,0
pay_100434,cust_1437,1,0.042300655672883374,UPI,5013,0,0
pay_100435,cust_1263,0,0.17603787247024255,UPI,1995,0,0
pay_100436,cust_1282,0,0.46199359196632767,COD,7322,0,0
pay_100437,cust_1026,0,0.13313694083700575,UPI,3572,0,0
pay_100438,cust_1225,0,0.17741322120682051,Debit_Card,9295,0,0
pay_100439,cust_1276,0,0.1257519233674148,Credit_Card,10029,0,0
pay_100440,cust_1285,0,0.22964798727608543,COD,5449,0,1
pay_100441,cust_1096,0,0.10877486387198382,UPI,7533,0,0
pay_100442,cust_1283,0,0.22733495936069895,UPI,11509,0,0
pay_100443,cust_1366,0,0.10919013857100361,UPI,9828,0,0
pay_100444,cust_1447,0,0.403334764911368,Credit_Card,4055,0,0
pay_100445,cust_1480,0,0.11180179034386382,UPI,7870,0,0
pay_100446,cust_1452,0,0.20353126581046757,UPI,5915,0,1
pay_100447,cust_1316,0,0.254725832948757,UPI,7459,0,0
pay_100448,cust_1303,0,0.012028998442085815,UPI,10607,0,0
pay_100449,cust_1146,0,0.30144554212658403,Credit_Card,7493,0,0
pay_100450,cust_1003,0,0.42157254428720137,COD,6521,0,0
pay_100451,cust_1034,0,0.36996629265094855,UPI,11792,0,0
pay_100452,cust_1191,1,0.5366978995069805,Credit_Card,4407,1,1
pay_100453,cust_1048,0,0.21179071612686745,Debit_Card,4414,0,0
pay_100454,cust_1016,0,0.05532411765296784,Credit_Card,11674,0,0
pay_100455,cust_1171,0,0.29159479963771145,COD,5370,0,1
pay_100456,cust_1219,0,0.11160512926588498,Credit_Card,10690,0,0
pay_100457,cust_1157,0,0.002322545843722945,Credit_Card,11839,0,0
pay_100458,cust_1476,0,0.028953560447984222,UPI,6585,0,0
pay_100459,cust_1045,0,0.07205741784067296,Debit_Card,8046,0,0
pay_100460,cust_1372,0,0.10582691457058303,Debit_Card,1895,1,0
pay_100461,cust_1005,0,0.14785481896146394,UPI,2438,0,0
pay_100462,cust_1098,0,0.17644602888090008,UPI,11328,0,0
pay_100463,cust_1379,0,0.05610790811544222,COD,4010,0,0
pay_100464,cust_1232,0,0.12009670184396713,Credit_Card,6136,1,0
pay_100465,cust_1036,0,0.05961611386603428,Credit_Card,3149,0,0
pay_100466,cust_1279,0,0.03579777392801892,COD,5190,0,0
pay_100467,cust_1348,0,0.5763422497896438,COD,4935,1,1
pay_100468,cust_1496,0,0.1487010537298692,Credit_Card,4701,0,1
pay_100469,cust_1301,0,0.29305406413802654,COD,5679,0,0
pay_100470,cust_1180,0,0.16695341933980487,COD,11983,0,1
pay_100471,cust_1094,0,0.1625745845241139,Credit_Card,9905,0,0
pay_100472,cust_1098,0,0.06198488993961354,Credit_Card,4737,0,0
pay_100473,cust_1187,0,0.016353788482215026,UPI,5362,0,0
pay_100474,cust_1480,0,0.4577795842613225,COD,1558,0,1
pay_100475,cust_1115,0,0.19231892105159726,Debit_Card,6438,0,0
pay_100476,cust_1190,0,0.044711422010838414,UPI,4471,0,0
pay_100477,cust_1252,1,0.2658982600707916,COD,11219,0,1
pay_100478,cust_1468,0,0.04191278720472083,Credit_Card,9814,0,0
pay_100479,cust_1415,1,0.02076877827734719,UPI,11128,0,1
pay_100480,cust_1470,0,0.3268996679412242,Credit_Card,10854,0,1
pay_100481,cust_1160,0,0.13998071153294656,Credit_Card,4845,0,0
pay_100482,cust_1255,0,0.21391366066756703,COD,3986,0,1
pay_100483,cust_1322,1,0.05998232484622815,UPI,2061,0,1
pay_100484,cust_1127,0,0.2953015237376987,COD,5481,0,1
pay_100485,cust_1017,0,0.2189515672974495,Credit_Card,7761,0,0
pay_100486,cust_1280,0,0.022751680516597407,UPI,3237,0,0
pay_100487,cust_1489,0,0.24293549831378142,COD,10596,0,1
pay_100488,cust_1222,0,0.13071478567168832,Credit_Card,5054,0,0
pay_100489,cust_1053,0,0.004560406378682763,UPI,11418,0,0
pay_100490,cust_1057,0,0.28404877470960305,Credit_Card,10626,0,0
pay_100491,cust_1322,0,0.014936320799428773,COD,8595,0,1
pay_100492,cust_1359,1,0.39840984973566734,UPI,9766,1,1
pay_100493,cust_1173,1,0.07873238657420058,UPI,1794,0,1
pay_100494,cust_1279,0,0.08882776011769643,UPI,9712,0,0
pay_100495,cust_1113,0,0.009663537127133574,UPI,10730,0,0
pay_100496,cust_1287,1,0.23818112702579375,COD,6830,0,1
pay_100497,cust_1430,0,0.12000556735836776,Credit_Card,6155,1,0
pay_100498,cust_1341,0,0.12349935255133254,UPI,2609,0,0
pay_100499,cust_1150,1,0.010234852874542451,UPI,5271,0,0
pay_100500,cust_1449,0,0.2554552042932951,UPI,10063,0,0
pay_100501,cust_1126,0,0.03729756349015459,COD,7623,0,0
pay_100502,cust_1154,0,0.2078172761607588,UPI,9147,0,0
pay_100503,cust_1489,1,0.03226972065396201,COD,2674,0,1
pay_100504,cust_1385,1,0.05077577546802266,Credit_Card,2664,0,0
pay_100505,cust_1473,1,0.020260277953365807,UPI,10784,0,1
pay_100506,cust_1272,0,0.08185501613607418,COD,10975,0,0
pay_100507,cust_1103,1,0.13258664457113664,Credit_Card,11703,0,0
pay_100508,cust_1416,0,0.15507610493122645,COD,10537,0,0
pay_100509,cust_1392,0,0.03412498662192342,COD,11683,0,1
pay_100510,cust_1298,0,0.02585175376604172,UPI,10212,0,1
pay_100511,cust_1245,0,0.17519608910553788,UPI,5966,0,0
pay_100512,cust_1175,0,0.11249117463877283,COD,7038,0,0
pay_100513,cust_1038,0,0.19827313044531797,UPI,8611,0,0
pay_100514,cust_1476,0,0.07015747950280084,UPI,9934,1,0
pay_100515,cust_1169,0,0.2916934954564558,UPI,4300,0,0
pay_100516,cust_1246,0,0.07535310209298438,UPI,6107,0,0
pay_100517,cust_1025,0,0.611691333049375,COD,8762,0,1
pay_100518,cust_1354,0,0.08980164216477876,UPI,11965,0,0
pay_100519,cust_1305,0,0.11864850198990287,Credit_Card,3041,0,0
pay_100520,cust_1408,0,0.2441140781200847,Debit_Card,4265,0,0
pay_100521,cust_1407,0,0.13381339535423378,Credit_Card,11806,0,0
pay_100522,cust_1012,0,0.15788574243920256,UPI,5991,1,1
pay_100523,cust_1315,0,0.04066596742516947,COD,4583,0,1
pay_100524,cust_1390,0,0.0002804671443405085,UPI,6856,0,0
pay_100525,cust_1312,1,0.0247117125401757,COD,3357,0,1
pay_100526,cust_1035,0,0.005826644737434443,COD,2269,0,0
pay_100527,cust_1172,0,0.09337912454210322,Credit_Card,2922,0,0
pay_100528,cust_1019,0,0.29115413240628546,Credit_Card,10098,0,0
pay_100529,cust_1320,1,0.4752857830496318,Credit_Card,4472,1,1
pay_100530,cust_1263,0,0.28815968610971454,UPI,3372,1,0
pay_100531,cust_1493,1,0.4165651751627605,COD,7099,0,1
pay_100532,cust_1399,0,0.03874116442878685,COD,3769,0,1
pay_100533,cust_1141,1,0.12688656920336747,UPI,6775,0,1
pay_100534,cust_1459,0,0.12225287877509143,Debit_Card,6249,0,1
pay_100535,cust_1370,1,0.2405927676502994,COD,8071,0,1
pay_100536,cust_1470,0,0.08676646567472926,COD,10873,0,0
pay_100537,cust_1142,0,0.10631074967625909,Credit_Card,6572,0,0
pay_100538,cust_1091,0,0.23619436546157796,Credit_Card,11131,0,0
pay_100539,cust_1353,0,0.03563186983515035,UPI,6963,0,0
pay_100540,cust_1321,0,0.2721342991052335,COD,8950,0,0
pay_100541,cust_1287,1,0.08871804455244262,UPI,9920,0,1
pay_100542,cust_1214,1,0.18532057679905428,Credit_Card,5459,0,0
pay_100543,cust_1446,0,0.12796534611154264,UPI,11585,0,0
pay_100544,cust_1341,0,0.4117595240441585,UPI,2813,0,1
pay_100545,cust_1050,0,0.016642363752213608,Credit_Card,9347,0,0
pay_100546,cust_1152,0,0.32950993215675684,COD,2570,0,1
pay_100547,cust_1185,0,0.19698442756614445,UPI,10666,0,0
pay_100548,cust_1062,0,0.1440871666356193,Credit_Card,11430,0,0
pay_100549,cust_1189,0,0.2324387495373829,UPI,4785,0,0
pay_100550,cust_1124,0,0.12273124159140086,UPI,10449,0,0
pay_100551,cust_1149,0,0.04585186244705841,Credit_Card,4595,0,0
pay_100552,cust_1313,0,0.2320786983300018,Credit_Card,1820,0,0
pay_100553,cust_1057,0,0.054853016455660444,UPI,3821,0,0
pay_100554,cust_1341,0,0.13054666010185978,UPI,2055,0,0
pay_100555,cust_1304,1,0.08664363251386559,UPI,6439,0,0
pay_100556,cust_1179,0,0.22421657103174883,UPI,6932,0,1
pay_100557,cust_1169,0,0.02004131756736239,COD,2886,0,1
pay_100558,cust_1325,0,0.020716926868657306,COD,6263,0,0
pay_100559,cust_1270,0,0.2875264248079955,UPI,8354,0,1
pay_100560,cust_1053,1,0.14996396399326523,Credit_Card,11696,0,0
pay_100561,cust_1490,0,0.1808076612212217,COD,11622,1,1
pay_100562,cust_1443,0,0.07889956210991868,UPI,9137,0,0
pay_100563,cust_1100,0,0.08428595235438499,COD,6341,0,1
pay_100564,cust_1480,1,0.07927558912727903,COD,11855,0,1
pay_100565,cust_1263,1,0.5105708340880661,UPI,5367,0,0
pay_100566,cust_1052,0,0.20104340110351057,UPI,5293,0,0
pay_100567,cust_1059,0,0.1871203564921192,COD,8873,0,0
pay_100568,cust_1491,0,0.1624381821048087,Credit_Card,4013,0,0
pay_100569,cust_1107,1,0.5576467834502091,UPI,5303,0,1
pay_100570,cust_1004,0,0.027529582685612033,UPI,3827,0,0
pay_100571,cust_1102,1,0.1058235943154971,Credit_Card,10309,0,0
pay_100572,cust_1195,0,0.2157437578093027,Debit_Card,3665,1,0
pay_100573,cust_1261,0,0.330245408709002,COD,4808,0,0
pay_100574,cust_1364,0,0.003707845382739325,COD,7952,0,1
pay_100575,cust_1479,0,0.00852449851777001,UPI,9567,0,0
pay_100576,cust_1371,0,0.0067954801826687694,Credit_Card,9142,0,0
pay_100577,cust_1349,0,0.058569364231753025,Credit_Card,7904,0,0
pay_100578,cust_1046,0,0.30047100743908567,Credit_Card,2492,0,0
pay_100579,cust_1354,0,0.07986006803991055,UPI,6924,0,0
pay_100580,cust_1310,0,0.579286302453407,COD,11069,0,1
pay_100581,cust_1423,0,0.20020737464174562,COD,5881,1,1
pay_100582,cust_1307,1,0.048844921251208775,Credit_Card,4674,0,0
pay_100583,cust_1143,1,0.06348313220749272,Debit_Card,6282,0,0
pay_100584,cust_1268,1,0.09701878435187573,UPI,10997,0,1
pay_100585,cust_1369,1,0.03124447548472695,Credit_Card,7060,1,1
pay_100586,cust_1123,0,0.227459447482699,Debit_Card,8960,0,0
pay_100587,cust_1105,0,0.10475805445004067,Credit_Card,4578,0,0
pay_100588,cust_1157,0,0.13833039120761784,COD,4483,0,0
pay_100589,cust_1146,0,0.12805409588290115,Debit_Card,8759,0,0
pay_100590,cust_1144,0,0.06593049428903597,UPI,7554,1,0
pay_100591,cust_1119,0,0.3834459712720742,COD,4023,0,1
pay_100592,cust_1318,0,0.03821248775454667,UPI,11177,0,0
pay_100593,cust_1274,0,0.3453780349778486,UPI,11792,0,0
pay_100594,cust_1091,0,0.13117276832760896,UPI,6081,0,0
pay_100595,cust_1057,0,0.07269703476958263,Credit_Card,7109,0,0
pay_100596,cust_1438,0,0.2700687428636528,COD,3501,0,0
pay_100597,cust_1345,0,0.08460452913995041,Credit_Card,2887,0,1
pay_100598,cust_1228,1,0.04167929424119376,COD,8052,0,0
pay_100599,cust_1473,0,0.28652008042555355,Credit_Card,2530,1,0
pay_100600,cust_1116,0,0.099097111525732,UPI,11457,0,0
pay_100601,cust_1317,1,0.23567697580548957,COD,2720,0,1
pay_100602,cust_1278,1,0.1822282048649846,UPI,7535,0,0
pay_100603,cust_1126,1,0.5319040207021112,UPI,11310,0,1
pay_100604,cust_1392,0,0.011076386243329961,Credit_Card,10955,0,0
pay_100605,cust_1395,0,0.06091174919068929,UPI,8023,0,0
pay_100606,cust_1128,0,0.06297648191923272,UPI,9574,0,0
pay_100607,cust_1057,0,0.010198847649360106,Debit_Card,10563,0,1
pay_100608,cust_1121,0,0.32843080873839464,Credit_Card,2334,0,0
pay_100609,cust_1000,0,0.15984389497499385,Credit_Card,10610,0,0
pay_100610,cust_1238,0,0.0522991211499766,COD,3224,1,0
pay_100611,cust_1289,0,0.05968869226990391,Credit_Card,8098,0,0
pay_100612,cust_1095,0,0.2801603547302876,COD,3913,0,1
pay_100613,cust_1125,0,0.06973733183550174,UPI,11005,0,0
pay_100614,cust_1117,0,0.01630762196237527,Credit_Card,7493,1,1
pay_100615,cust_1047,0,0.021323394506055172,COD,5998,0,0
pay_100616,cust_1088,0,0.08648081183856213,Credit_Card,3605,0,0
pay_100617,cust_1487,1,0.08924349120406658,COD,4068,0,0
pay_100618,cust_1236,0,0.09558383631165392,UPI,10830,0,0
pay_100619,cust_1372,0,0.0636932450730709,UPI,1709,0,0
pay_100620,cust_1384,0,0.24139937882002985,Credit_Card,10756,0,0
pay_100621,cust_1271,0,0.05722454098399073,UPI,6411,0,0
pay_100622,cust_1188,0,0.26948696594883204,COD,3720,1,1
pay_100623,cust_1486,0,0.05036093449124311,UPI,1733,0,1
pay_100624,cust_1191,0,0.27241698644488216,COD,2292,0,1
pay_100625,cust_1446,0,0.2524101234040551,COD,4610,0,0
pay_100626,cust_1068,1,0.06361807848569688,UPI,3666,0,0
pay_100627,cust_1277,0,0.04908225114689388,UPI,10026,0,0
pay_100628,cust_1348,0,0.014945834633240904,COD,11051,0,0
pay_100629,cust_1246,1,0.09361628420255737,COD,6693,0,1
pay_100630,cust_1450,1,0.14044103260021046,Credit_Card,2714,0,0
pay_100631,cust_1075,0,0.04583856049350478,UPI,5919,0,0
pay_100632,cust_1153,0,0.30717907987103343,Credit_Card,8814,0,0
pay_100633,cust_1143,0,0.022585934425718667,Debit_Card,9975,0,0
pay_100634,cust_1434,0,0.12774282980270976,UPI,1712,0,0
pay_100635,cust_1484,0,0.09857517353553635,COD,3158,0,0
pay_100636,cust_1085,0,0.07620818848442183,UPI,6524,0,0
pay_100637,cust_1184,0,0.024984633753021422,UPI,11109,0,0
pay_100638,cust_1284,1,0.21563957178532422,UPI,7417,0,1
pay_100639,cust_1461,1,0.1530898913893254,UPI,6641,0,1
pay_100640,cust_1219,0,0.021922774054544424,UPI,3294,0,0
pay_100641,cust_1068,0,0.06461631767781986,Credit_Card,7488,0,0
pay_100642,cust_1046,0,0.34710399963405286,UPI,9796,0,0
pay_100643,cust_1496,0,0.35234733387276784,UPI,7078,0,0
pay_100644,cust_1093,0,0.07612032973953528,UPI,7051,0,0
pay_100645,cust_1237,0,0.08511105012316487,COD,5345,0,0
pay_100646,cust_1445,0,0.3411659203299495,Credit_Card,8406,1,0
pay_100647,cust_1499,0,0.25050016768283406,Credit_Card,1878,0,0
pay_100648,cust_1452,0,0.07893024037996645,Credit_Card,4793,0,0
pay_100649,cust_1203,0,0.00012247028782686075,COD,4829,0,0
pay_100650,cust_1399,0,0.2007050799840754,UPI,6308,0,0
pay_100651,cust_1217,0,0.15719792835750176,Debit_Card,9437,0,0
pay_100652,cust_1473,1,0.3806984510526882,COD,1724,0,1
pay_100653,cust_1431,0,0.09231430604799136,Debit_Card,2237,0,1
pay_100654,cust_1340,0,0.1623992570025775,UPI,1735,0,0
pay_100655,cust_1038,0,0.23824525940860145,Debit_Card,2211,1,0
pay_100656,cust_1099,0,0.20065073788628193,UPI,7488,0,0
pay_100657,cust_1288,0,0.02191489944729752,Credit_Card,3388,0,0
pay_100658,cust_1253,0,0.043923404488602706,COD,8673,0,0
pay_100659,cust_1221,0,0.6311110431839372,UPI,2759,0,0
pay_100660,cust_1356,0,0.3231597796600571,COD,6746,0,1
pay_100661,cust_1022,1,0.018157067640655486,UPI,8771,0,1
pay_100662,cust_1249,0,0.14409321087724156,COD,2248,0,0
pay_100663,cust_1009,0,0.05743228010866422,Credit_Card,5051,0,0
pay_100664,cust_1245,1,0.1127001786676112,UPI,7900,0,1
pay_100665,cust_1324,0,0.0166003504815687,UPI,8143,0,0
pay_100666,cust_1099,1,0.04109506404767829,COD,10201,0,1
pay_100667,cust_1289,0,0.04711886160750673,UPI,3323,0,0
pay_100668,cust_1179,0,0.0039463401798129506,UPI,8352,1,0
pay_100669,cust_1222,0,0.03206725617036857,UPI,9277,1,0
pay_100670,cust_1393,0,0.006240235404713631,Debit_Card,5732,0,0
pay_100671,cust_1249,0,0.055680618500045284,Credit_Card,8019,0,0
pay_100672,cust_1146,0,0.1428791540958216,UPI,11826,0,1
pay_100673,cust_1441,0,0.3656414459322814,UPI,3277,0,0
pay_100674,cust_1095,0,0.04544360133048796,UPI,2722,1,0
pay_100675,cust_1256,0,0.04153481240873351,UPI,9130,0,0
pay_100676,cust_1324,1,0.040554635316736795,Credit_Card,3277,0,1
pay_100677,cust_1492,1,0.3174143017442197,COD,10996,0,1
pay_100678,cust_1003,1,0.03211942809911802,UPI,8990,0,1
pay_100679,cust_1015,0,0.022206141619974924,UPI,6359,0,0
pay_100680,cust_1279,0,0.157079233460904,UPI,10393,0,0
pay_100681,cust_1335,0,0.46635697653802055,COD,9618,0,1
pay_100682,cust_1246,0,0.19481602728992636,COD,4489,0,0
pay_100683,cust_1257,0,0.16219340898111498,COD,9843,0,0
pay_100684,cust_1496,0,0.019331530306784292,UPI,2825,0,0
pay_100685,cust_1475,0,0.18439464294478788,UPI,10993,0,0
pay_100686,cust_1383,0,0.24051498645150093,UPI,11403,0,0
pay_100687,cust_1159,0,0.07360688762524521,UPI,6627,0,0
pay_100688,cust_1474,0,0.05070676681371415,Credit_Card,10498,1,0
pay_100689,cust_1339,0,0.24329892444349394,COD,4222,1,0
pay_100690,cust_1151,1,0.17200678264067604,COD,6156,1,1
pay_100691,cust_1395,0,0.1117905709286475,COD,2825,0,0
pay_100692,cust_1177,0,0.017584614006484207,UPI,5633,0,0
pay_100693,cust_1162,0,0.21232145720363885,Debit_Card,10851,0,1
pay_100694,cust_1379,0,0.3376511793131907,UPI,4369,0,0
pay_100695,cust_1032,0,0.22249939467067228,UPI,2742,1,0
pay_100696,cust_1416,0,0.08239943482205532,COD,10039,0,0
pay_100697,cust_1444,0,0.11348507102189191,UPI,3331,0,0
pay_100698,cust_1178,0,0.3100693259779014,Credit_Card,3069,1,0
pay_100699,cust_1426,0,0.14999874207158767,UPI,8746,0,0
pay_100700,cust_1100,0,0.020354199225789748,Debit_Card,3418,0,0
pay_100701,cust_1267,1,0.5305089211779181,COD,7916,0,1
pay_100702,cust_1322,0,0.714766373683682,UPI,4732,0,1
pay_100703,cust_1064,0,0.017497480036332728,COD,5258,0,0
pay_100704,cust_1416,1,0.0929572859870067,UPI,7497,0,1
pay_100705,cust_1167,0,0.2695691382233422,Credit_Card,3855,0,0
pay_100706,cust_1329,0,0.27970371678387584,COD,11089,0,1
pay_100707,cust_1042,0,0.05231803017961928,Debit_Card,3324,0,0
pay_100708,cust_1043,0,0.15964155522822818,COD,8780,0,0
pay_100709,cust_1284,1,0.23093298248535649,UPI,5560,0,1
pay_100710,cust_1396,0,0.30122663478539574,Debit_Card,6824,0,0
pay_100711,cust_1011,1,0.045223801748001065,Debit_Card,1904,1,1
pay_100712,cust_1094,0,0.024210237012715193,COD,3221,0,0
pay_100713,cust_1301,0,0.0057856090217353025,UPI,6816,0,0
pay_100714,cust_1385,0,0.08394150396143014,COD,5345,0,0
pay_100715,cust_1252,0,0.22469069173890327,Credit_Card,5710,0,0
pay_100716,cust_1498,0,0.024023802112085966,UPI,1564,0,0
pay_100717,cust_1241,1,0.39705125463736646,Credit_Card,10991,0,1
pay_100718,cust_1034,0,0.012357392332394069,UPI,7882,0,0
pay_100719,cust_1214,1,0.5460090231429563,Credit_Card,11107,0,0
pay_100720,cust_1336,0,0.2927280301956497,COD,2468,0,1
pay_100721,cust_1089,1,0.11739033476993718,Credit_Card,1868,1,0
pay_100722,cust_1263,0,0.2400334542450701,Debit_Card,9924,0,0
pay_100723,cust_1092,0,0.03769053869495047,Credit_Card,3742,1,0
pay_100724,cust_1409,0,0.28216620894539024,UPI,6502,0,0
pay_100725,cust_1457,0,0.3691389236052486,UPI,4583,0,1
pay_100726,cust_1089,0,0.026743363271433396,Credit_Card,9573,0,0
pay_100727,cust_1417,0,0.05025326503686769,UPI,10612,0,1
pay_100728,cust_1114,0,0.3449482786769854,UPI,10380,0,0
pay_100729,cust_1104,1,0.0754117986845595,Credit_Card,2969,0,0
pay_100730,cust_1390,0,0.188818338748656,UPI,6225,0,0
pay_100731,cust_1195,0,0.15079034280903078,UPI,5759,0,0
pay_100732,cust_1313,0,0.18717847193479445,Credit_Card,5122,0,0
pay_100733,cust_1113,0,0.08738142863496856,UPI,11792,0,0
pay_100734,cust_1492,0,0.059825971887002415,COD,11957,0,1
pay_100735,cust_1074,0,0.04500792087121291,COD,2323,0,0
pay_100736,cust_1412,0,0.08095521097000342,COD,4931,0,0
pay_100737,cust_1375,0,0.07005462839060732,UPI,8028,0,0
pay_100738,cust_1419,0,0.27149712916889035,COD,5651,0,1
pay_100739,cust_1216,0,0.048731881051761405,COD,5713,0,1
pay_100740,cust_1276,0,0.0028255022251868437,COD,8920,0,0
pay_100741,cust_1248,0,0.017078521020770544,UPI,10489,1,0
pay_100742,cust_1163,0,0.07707872460112172,Debit_Card,2279,0,0
pay_100743,cust_1393,0,0.11616776373817193,COD,4392,0,0
pay_100744,cust_1356,0,0.041369202849022825,Credit_Card,7034,0,0
pay_100745,cust_1456,0,0.47614119256457993,Debit_Card,11585,0,0
pay_100746,cust_1407,0,0.06387874852968922,Credit_Card,4806,0,0
pay_100747,cust_1191,0,0.028033673415277,Credit_Card,4402,0,0
pay_100748,cust_1226,0,0.23667233720133724,UPI,5218,0,0
pay_100749,cust_1176,0,0.12146756085012517,Debit_Card,1521,0,0
pay_100750,cust_1098,0,0.023949690555734874,UPI,3000,0,0
pay_100751,cust_1495,0,0.09716217480008293,Credit_Card,10534,0,1
pay_100752,cust_1035,1,0.25697505252628167,UPI,11452,0,0
pay_100753,cust_1465,0,0.09954425761737991,Credit_Card,5141,0,0
pay_100754,cust_1496,0,0.10041469165769512,UPI,6712,0,0
pay_100755,cust_1486,0,0.456766455185904,Debit_Card,1691,0,1
pay_100756,cust_1095,0,0.1519232800559414,COD,10087,0,0
pay_100757,cust_1151,0,0.31994610104194593,UPI,8674,0,0
pay_100758,cust_1150,1,0.054669044450683595,UPI,6614,1,1
pay_100759,cust_1189,0,0.406596734694743,UPI,6162,0,0
pay_100760,cust_1223,0,0.23256974489200838,COD,5826,0,1
pay_100761,cust_1036,0,0.11392817519789315,Credit_Card,10565,0,0
pay_100762,cust_1267,0,0.021097272189381774,Credit_Card,5835,0,0
pay_100763,cust_1368,0,0.030146253156271317,UPI,9781,0,0
pay_100764,cust_1182,0,0.10754904031835723,Debit_Card,11971,0,0
pay_100765,cust_1012,0,0.03117948490027487,COD,10148,1,1
pay_100766,cust_1278,0,0.14610206841200296,COD,11972,0,0
pay_100767,cust_1216,0,0.046947708469107424,Debit_Card,10696,0,0
pay_100768,cust_1354,0,0.44499567594365286,UPI,6994,0,0
pay_100769,cust_1360,0,0.0786604859370687,UPI,10036,0,0
pay_100770,cust_1285,0,0.19731119924648455,UPI,4211,0,0
pay_100771,cust_1272,0,0.028058873187107806,UPI,9095,0,0
pay_100772,cust_1368,0,0.15019201789031703,UPI,7773,0,0
pay_100773,cust_1061,0,0.4162988509609179,UPI,7784,0,0
pay_100774,cust_1083,0,0.3934409631667814,UPI,10808,0,0
pay_100775,cust_1367,0,0.03356052033266124,COD,10317,1,0
pay_100776,cust_1216,0,0.3177549092533676,Debit_Card,11671,0,0
pay_100777,cust_1341,0,0.33222497818782704,COD,5494,0,0
pay_100778,cust_1396,0,0.0424370551241045,COD,3178,0,0
pay_100779,cust_1186,0,0.12575728089239283,UPI,9914,0,0
pay_100780,cust_1018,0,0.00560646170423694,COD,2243,1,0
pay_100781,cust_1176,0,0.08007020257826655,UPI,1962,0,0
pay_100782,cust_1099,1,0.015496717370333753,Debit_Card,3068,0,1
pay_100783,cust_1395,0,0.16500135064961605,UPI,3236,0,0
pay_100784,cust_1444,0,0.12544765720746828,COD,9403,0,0
pay_100785,cust_1232,0,0.03230540361717344,UPI,8502,1,0
pay_100786,cust_1402,1,0.08544396911076217,UPI,10356,0,0
pay_100787,cust_1075,0,0.17453008846647586,COD,2856,0,1
pay_100788,cust_1264,0,0.011514011275600887,UPI,2514,0,0
pay_100789,cust_1454,0,0.01594520726792539,Debit_Card,11824,1,0
pay_100790,cust_1283,0,0.05983013864815596,COD,2554,0,0
pay_100791,cust_1205,0,0.12019937199971702,COD,3264,0,1
pay_100792,cust_1222,1,0.030403888513833712,COD,7509,0,1
pay_100793,cust_1383,0,0.01858967654232094,COD,5958,0,0
pay_100794,cust_1051,0,0.17675866636124363,UPI,11104,0,0
pay_100795,cust_1338,0,0.09016320896740444,COD,2167,0,1
pay_100796,cust_1366,0,0.046977762802786385,Debit_Card,4870,0,0
pay_100797,cust_1143,0,0.06631447181296506,Debit_Card,7476,0,0
pay_100798,cust_1372,0,0.19496617900167199,UPI,2894,0,0
pay_100799,cust_1068,0,0.5764488914679085,Debit_Card,9790,0,0
pay_100800,cust_1098,0,0.17003066919708026,COD,5570,0,1
pay_100801,cust_1395,0,0.00022276292204318144,COD,8482,0,0
pay_100802,cust_1024,0,0.030819718913451512,Credit_Card,10113,1,1
pay_100803,cust_1435,1,0.0019211751411639083,UPI,7099,0,1
pay_100804,cust_1378,0,0.05879794493853344,UPI,5150,0,0
pay_100805,cust_1468,1,0.01391611140313357,COD,10824,0,1
pay_100806,cust_1483,0,0.25567319107851705,COD,11394,0,1
pay_100807,cust_1052,0,0.07650338456626733,Credit_Card,5120,0,0
pay_100808,cust_1150,0,0.3387561571781917,UPI,4690,0,0
pay_100809,cust_1143,0,0.0015710530994900848,Credit_Card,10289,0,0
pay_100810,cust_1056,0,0.28238149180322225,Credit_Card,1891,1,1
pay_100811,cust_1038,0,0.01467434552636259,COD,2575,0,0
pay_100812,cust_1108,0,0.1897635100392219,Debit_Card,4150,0,0
pay_100813,cust_1180,0,0.01130559716322647,UPI,3884,0,0
pay_100814,cust_1041,1,0.011884370119516631,Credit_Card,2309,0,0
pay_100815,cust_1185,1,0.8323553789868083,UPI,9547,0,1
pay_100816,cust_1422,0,0.3996245875860505,COD,7001,0,1
pay_100817,cust_1397,0,0.29190672044156063,UPI,8395,0,0
pay_100818,cust_1222,0,0.06511576198128993,Credit_Card,2659,0,0
pay_100819,cust_1121,0,0.22833689747956445,UPI,9074,1,0
pay_100820,cust_1132,0,0.16941077094646204,Debit_Card,3031,0,0
pay_100821,cust_1162,0,0.19261084388307273,Debit_Card,6981,0,0
pay_100822,cust_1214,0,0.01880441862593313,COD,9048,0,1
pay_100823,cust_1220,1,0.0723783821849505,UPI,6476,0,1
pay_100824,cust_1234,0,0.4210483026420799,UPI,7195,0,0
pay_100825,cust_1330,0,0.21477020462173652,UPI,9945,0,0
pay_100826,cust_1145,0,0.011374896160137534,Debit_Card,5048,1,0
pay_100827,cust_1238,0,0.08217963802399635,UPI,7663,1,0
pay_100828,cust_1075,0,0.2689772406603907,Credit_Card,8171,0,0
pay_100829,cust_1008,1,0.0765847177301472,COD,6764,0,1
pay_100830,cust_1073,0,0.09544624668650403,COD,2731,0,1
pay_100831,cust_1441,1,0.14541491387071695,Credit_Card,3923,0,1
pay_100832,cust_1491,0,0.034817521039654124,Credit_Card,9571,0,0
pay_100833,cust_1400,0,0.19949739773352707,UPI,5761,0,0
pay_100834,cust_1252,0,0.12002602971788678,Debit_Card,11265,0,0
pay_100835,cust_1229,0,0.06026708906821779,COD,4408,0,1
pay_100836,cust_1006,1,0.08777748939667451,UPI,6212,0,1
pay_100837,cust_1173,1,0.02848700813166139,Credit_Card,8255,0,0
pay_100838,cust_1140,0,0.49902381654831335,COD,11317,0,1
pay_100839,cust_1167,0,0.14037029900775974,COD,5383,1,1
pay_100840,cust_1169,0,0.2927945842054717,UPI,5015,0,0
pay_100841,cust_1392,1,0.5321662336383863,Credit_Card,4903,0,1
pay_100842,cust_1433,0,0.12937105266979143,UPI,6098,0,0
pay_100843,cust_1282,0,0.0061275992397371104,UPI,6508,0,0
pay_100844,cust_1121,0,0.33560581171892384,COD,7722,0,1
pay_100845,cust_1193,0,0.11579372400085491,COD,11650,0,0
pay_100846,cust_1004,0,0.3151904828811263,COD,5509,0,0
pay_100847,cust_1028,0,0.15144279458746285,UPI,4235,0,0
pay_100848,cust_1164,1,0.10685567106248493,COD,5991,0,1
pay_100849,cust_1421,0,0.10003617015417166,Credit_Card,10093,0,0
pay_100850,cust_1338,0,0.34268763755865816,UPI,2474,0,0
pay_100851,cust_1135,1,0.330325543441728,Credit_Card,1723,0,1
pay_100852,cust_1495,0,0.07231087617238435,UPI,6113,1,0
pay_100853,cust_1364,1,0.1673637388730519,COD,8277,0,1
pay_100854,cust_1320,0,0.32432655497235746,Credit_Card,9927,0,0
pay_100855,cust_1341,0,0.009538500177415738,UPI,5711,0,0
pay_100856,cust_1499,1,0.14613635760065327,UPI,1725,0,0
pay_100857,cust_1144,0,0.32003735490667656,UPI,11969,1,0
pay_100858,cust_1326,0,0.26832247472432513,UPI,9683,0,0
pay_100859,cust_1216,0,0.72249876703315,Credit_Card,5777,0,0
pay_100860,cust_1300,0,0.1636221189441973,COD,2841,0,0
pay_100861,cust_1131,0,0.21154744045565899,UPI,5536,0,0
pay_100862,cust_1291,0,0.008270075670666066,UPI,9901,0,1
pay_100863,cust_1069,1,0.04536207659038466,Credit_Card,5227,0,0
pay_100864,cust_1251,0,0.008699870782327227,COD,5428,0,1
pay_100865,cust_1414,0,0.07181410985419083,UPI,4303,0,0
pay_100866,cust_1274,0,0.12441036851315296,UPI,10801,0,0
pay_100867,cust_1444,0,0.108840511868006,Credit_Card,8058,0,0
pay_100868,cust_1363,0,0.21604954407772714,UPI,11718,0,0
pay_100869,cust_1181,1,0.12524293783865662,UPI,1893,0,0
pay_100870,cust_1166,0,0.039358411063214,COD,8339,0,0
pay_100871,cust_1090,0,0.17632872036197755,Debit_Card,10535,0,1
pay_100872,cust_1201,0,0.19865458571427969,Credit_Card,11216,0,0
pay_100873,cust_1345,0,0.06107291883179457,COD,10295,0,0
pay_100874,cust_1018,0,0.10008015787237066,Debit_Card,2081,0,0
pay_100875,cust_1038,0,0.15655253461283875,UPI,11631,0,0
pay_100876,cust_1125,0,0.27962443264489856,UPI,1632,0,0
pay_100877,cust_1450,0,0.027965899948805755,UPI,4338,1,0
pay_100878,cust_1172,0,0.1427375723117507,UPI,4885,0,0
pay_100879,cust_1140,0,0.006842858146886588,Debit_Card,5270,0,0
pay_100880,cust_1241,0,0.008835257479747357,COD,3768,0,0
pay_100881,cust_1219,0,0.019601023082820922,COD,2475,0,1
pay_100882,cust_1125,0,0.32978591658174566,Debit_Card,9105,0,0
pay_100883,cust_1057,0,0.03123819870488258,UPI,8713,0,0
pay_100884,cust_1147,0,0.18211768976474105,UPI,11505,0,0
pay_100885,cust_1475,0,0.32402749437385986,COD,11235,0,0
pay_100886,cust_1455,0,0.02116264152083991,Credit_Card,4335,0,0
pay_100887,cust_1316,0,0.0029140534471505004,Debit_Card,4238,0,0
pay_100888,cust_1382,0,0.20248597513622987,COD,11049,0,1
pay_100889,cust_1360,0,0.023730916408015737,COD,5634,0,0
pay_100890,cust_1422,1,0.021633589984092257,COD,11008,0,1
pay_100891,cust_1000,0,0.07394107416657683,UPI,8333,0,0
pay_100892,cust_1386,0,0.017215052579469134,COD,9853,0,0
pay_100893,cust_1460,0,0.1801441574948745,COD,3409,0,0
pay_100894,cust_1347,0,0.37384611769732373,UPI,10819,0,0
pay_100895,cust_1189,0,0.2791897027340919,Debit_Card,11350,0,0
pay_100896,cust_1190,1,0.05462296359634356,UPI,3463,0,1
pay_100897,cust_1368,0,0.09639328468573624,COD,6653,0,1
pay_100898,cust_1408,0,0.3961622467213718,UPI,11981,0,0
pay_100899,cust_1311,0,0.26684461700441003,Credit_Card,2466,0,0
pay_100900,cust_1416,1,0.1321726952201028,UPI,2389,0,1
pay_100901,cust_1421,0,0.01053917816764121,COD,4561,0,0
pay_100902,cust_1116,0,0.01847417966699621,UPI,7961,0,0
pay_100903,cust_1133,0,0.11610596502063286,UPI,7666,0,0
pay_100904,cust_1057,0,0.04406734132893152,Credit_Card,8467,0,1
pay_100905,cust_1043,1,0.2645060054528654,COD,11358,0,1
pay_100906,cust_1172,1,0.17416107522425042,UPI,9601,0,1
pay_100907,cust_1159,0,0.2608176673566461,UPI,8879,0,0
pay_100908,cust_1172,1,0.13291971926195806,COD,11133,0,1
pay_100909,cust_1316,0,0.029413721374200258,Credit_Card,8780,0,0
pay_100910,cust_1302,1,0.08078280813749189,COD,2567,0,1
pay_100911,cust_1148,0,0.11847630150601156,UPI,5723,0,0
pay_100912,cust_1079,0,0.09095827935330772,Debit_Card,10518,0,0
pay_100913,cust_1373,0,0.030075455664348456,UPI,6107,0,0
pay_100914,cust_1212,0,0.13644333543493117,UPI,5485,0,0
pay_100915,cust_1202,0,0.08739355464900611,Debit_Card,11784,0,0
pay_100916,cust_1251,0,0.2285722826776751,Credit_Card,4679,0,0
pay_100917,cust_1228,0,0.0601615444659248,COD,6038,0,1
pay_100918,cust_1163,0,0.14992206596475152,UPI,3862,0,0
pay_100919,cust_1226,0,0.13846249180516715,Credit_Card,3724,0,0
pay_100920,cust_1146,0,0.292911279709866,Credit_Card,7871,0,0
pay_100921,cust_1019,1,0.21818444989641606,COD,3226,0,1
pay_100922,cust_1440,0,0.1993669573907839,UPI,11698,0,0
pay_100923,cust_1401,0,0.1935772782714646,UPI,7291,0,0
pay_100924,cust_1046,0,0.08233791235542577,UPI,9573,0,1
pay_100925,cust_1232,1,0.28342865500485886,Credit_Card,9958,1,1
pay_100926,cust_1304,0,0.00847291252002633,UPI,8513,0,0
pay_100927,cust_1013,0,0.0812359075207505,COD,2337,0,0
pay_100928,cust_1142,0,0.0949698063284926,UPI,6084,0,1
pay_100929,cust_1414,1,0.001701198491502265,COD,2186,0,1
pay_100930,cust_1000,0,0.25917740690573615,UPI,1856,0,1
pay_100931,cust_1372,0,0.03625628191410291,Debit_Card,10563,0,0
pay_100932,cust_1053,0,0.13163389234233802,COD,11665,1,1
pay_100933,cust_1373,1,0.3016393906316099,UPI,6147,0,0
pay_100934,cust_1258,0,0.06276440682889547,COD,11502,0,1
pay_100935,cust_1143,0,0.07377163976124461,Credit_Card,5918,0,0
pay_100936,cust_1470,1,0.150269254726384,COD,11920,0,1
pay_100937,cust_1440,0,0.03978092679431025,Debit_Card,8142,0,0
pay_100938,cust_1458,0,0.0744025144297647,UPI,4891,0,0
pay_100939,cust_1011,0,0.3854916421460218,UPI,5857,0,0
pay_100940,cust_1329,0,0.23049792176970446,UPI,6379,0,0
pay_100941,cust_1223,0,0.20859401320046136,UPI,6819,0,0
pay_100942,cust_1271,0,0.1652510411016612,UPI,4239,0,0
pay_100943,cust_1455,0,0.15362936703043756,UPI,11010,0,0
pay_100944,cust_1357,0,0.20455204944745142,Credit_Card,11227,0,1
pay_100945,cust_1459,1,0.27169813772935925,COD,6284,0,1
pay_100946,cust_1407,0,0.09052369170966003,UPI,11464,0,0
pay_100947,cust_1155,1,0.22627004664567643,UPI,2377,0,0
pay_100948,cust_1372,0,0.3602002958863335,Debit_Card,4370,0,0
pay_100949,cust_1007,1,0.5975730754189591,UPI,1792,0,0
pay_100950,cust_1121,0,0.2047051504550529,UPI,11343,0,0
pay_100951,cust_1347,0,0.038430993287676386,UPI,10228,0,0
pay_100952,cust_1163,0,0.09306993289165415,COD,4186,0,1
pay_100953,cust_1089,1,0.3541713881086606,COD,1733,0,1
pay_100954,cust_1135,0,0.3395688997607474,UPI,3874,0,0
pay_100955,cust_1185,0,0.03444020491951785,Debit_Card,3772,0,0
pay_100956,cust_1315,0,0.0265459109876916,Credit_Card,2466,0,0
pay_100957,cust_1177,0,0.2695652944269909,Debit_Card,2389,1,0
pay_100958,cust_1027,0,0.20387865744317096,Debit_Card,5363,0,0
pay_100959,cust_1219,0,0.30427899992043805,Debit_Card,7654,0,0
pay_100960,cust_1356,0,0.24292148604146238,UPI,4900,0,0
pay_100961,cust_1040,0,0.15949888711946775,UPI,9726,0,0
pay_100962,cust_1227,0,0.013877987385976577,Credit_Card,6042,0,0
pay_100963,cust_1191,0,0.14044050349804096,COD,5023,0,1
pay_100964,cust_1410,0,0.1982502492136318,Credit_Card,3263,0,0
pay_100965,cust_1446,0,0.041317908341913984,COD,4791,0,1
pay_100966,cust_1144,0,0.059546083048297234,COD,3988,0,1
pay_100967,cust_1200,0,0.3358402239163785,UPI,3058,0,0
pay_100968,cust_1416,0,0.1712526402343438,Debit_Card,6190,0,0
pay_100969,cust_1211,0,0.0758841981545668,Debit_Card,7621,0,0
pay_100970,cust_1460,0,0.07899614833072859,COD,3776,0,0
pay_100971,cust_1219,0,0.00991955855807921,COD,5939,0,0
pay_100972,cust_1239,0,0.05843733822681447,Debit_Card,2603,0,0
pay_100973,cust_1412,0,0.28438489820269297,UPI,9020,0,1
pay_100974,cust_1396,0,0.04396017150237128,COD,11111,0,0
pay_100975,cust_1045,0,0.14765274127808364,UPI,6909,1,0
pay_100976,cust_1034,0,0.0755337859185575,COD,11170,0,0
pay_100977,cust_1252,0,0.11002567547266713,COD,9369,0,0
pay_100978,cust_1389,0,0.019950759877798298,UPI,4456,0,0
pay_100979,cust_1081,0,0.05293501541775415,Debit_Card,9210,1,0
pay_100980,cust_1370,1,0.13109504059055035,Credit_Card,7517,0,1
pay_100981,cust_1255,0,0.2078892592627097,Credit_Card,11074,1,0
pay_100982,cust_1196,0,0.1280929345601179,UPI,4884,0,0
pay_100983,cust_1302,0,0.05761393021987842,COD,11261,0,1
pay_100984,cust_1408,0,0.12078380337376378,COD,11586,0,0
pay_100985,cust_1449,0,0.012608607720507817,COD,11935,0,0
pay_100986,cust_1009,0,0.14166713491081645,UPI,11558,0,1
pay_100987,cust_1311,0,0.011753061259742304,COD,1528,0,1
pay_100988,cust_1285,0,0.4828472514569142,COD,10397,0,0
pay_100989,cust_1241,0,0.09099434140444815,UPI,10712,0,0
pay_100990,cust_1250,0,0.2166165898539024,UPI,11755,0,0
pay_100991,cust_1364,0,0.4885843490924045,UPI,11138,0,0
pay_100992,cust_1004,0,0.006929369629382479,COD,9256,0,0
pay_100993,cust_1118,1,0.1349802468117294,Debit_Card,8448,0,1
pay_100994,cust_1288,0,0.11845799427186514,COD,7255,0,0
pay_100995,cust_1373,0,0.48414759246480726,UPI,5102,0,0
pay_100996,cust_1064,0,0.05237380755620626,COD,6562,0,0
pay_100997,cust_1145,0,0.021309259477729818,UPI,9571,0,0
pay_100998,cust_1223,1,0.06348424628064625,UPI,8744,0,0
pay_100999,cust_1238,0,0.32981533637548366,Debit_Card,7872,0,0
